-- SPEC-DB-001 §2.14 REQ-DB001-SEED + REQ-DB001-SEED-IDEMPOTENT
-- 모든 INSERT는 ON CONFLICT DO NOTHING으로 멱등성 보장.
--
-- 주의: 본 seed는 PII 컬럼을 app.encrypt_pii()로 암호화하므로
-- app.pii_encryption_key가 connection-level로 설정되어 있어야 한다.
-- supabase db reset 시: postgres role의 default config 또는
-- ALTER DATABASE postgres SET app.pii_encryption_key = '<dev-key>'; 사전 설정 필요.

-- 안전: seed 키가 없으면 즉시 종료 (운영 env에서 실행 시 가드).
DO $$
BEGIN
  PERFORM current_setting('app.pii_encryption_key', false);
EXCEPTION
  WHEN OTHERS THEN
    RAISE NOTICE 'app.pii_encryption_key not set — seeding placeholder for dev';
    PERFORM set_config('app.pii_encryption_key', 'dev-only-32byte-secret-XXXXXXXXXXXX', true);
END $$;

-- ===========================================
-- 관리자 1명 + 운영자 1명 (auth.users는 Supabase CLI seed에서 생성, 본 seed는 profile만)
-- ===========================================
INSERT INTO users (id, role, name_kr, email) VALUES
  ('00000000-0000-0000-0000-00000000aaaa', 'admin',     '관리자',   'admin@algolink.local'),
  ('00000000-0000-0000-0000-00000000bbbb', 'operator',  '운영자',   'operator@algolink.local'),
  ('00000000-0000-0000-0000-00000000cccc', 'instructor','강사 사용자', 'instructor1@algolink.local')
ON CONFLICT (id) DO NOTHING;

-- ===========================================
-- 기술 택소노미 — 대단위 12개 (REQ-DB001-SKILL-LARGE-12)
-- ===========================================
INSERT INTO skill_categories (id, tier, name, parent_id, sort_order) VALUES
  ('10000000-0000-0000-0000-000000000001', 'large', '프로그래밍',  NULL,  1),
  ('10000000-0000-0000-0000-000000000002', 'large', '운영체제',    NULL,  2),
  ('10000000-0000-0000-0000-000000000003', 'large', '프론트엔드',  NULL,  3),
  ('10000000-0000-0000-0000-000000000004', 'large', '백엔드',      NULL,  4),
  ('10000000-0000-0000-0000-000000000005', 'large', '모바일',      NULL,  5),
  ('10000000-0000-0000-0000-000000000006', 'large', '데이터분석',  NULL,  6),
  ('10000000-0000-0000-0000-000000000007', 'large', '인공지능',    NULL,  7),
  ('10000000-0000-0000-0000-000000000008', 'large', '생성형AI',    NULL,  8),
  ('10000000-0000-0000-0000-000000000009', 'large', '인프라',      NULL,  9),
  ('10000000-0000-0000-0000-00000000000a', 'large', '클라우드',    NULL, 10),
  ('10000000-0000-0000-0000-00000000000b', 'large', '자동화',      NULL, 11),
  ('10000000-0000-0000-0000-00000000000c', 'large', '산업도메인',  NULL, 12)
ON CONFLICT (id) DO NOTHING;

-- 중단위 — 일부 대단위에 30+ 개 추가
INSERT INTO skill_categories (id, tier, name, parent_id, sort_order) VALUES
  -- 프로그래밍
  ('11000000-0000-0000-0000-000000000001', 'medium', '언어 기초',         '10000000-0000-0000-0000-000000000001', 1),
  ('11000000-0000-0000-0000-000000000002', 'medium', '함수형 프로그래밍', '10000000-0000-0000-0000-000000000001', 2),
  ('11000000-0000-0000-0000-000000000003', 'medium', '객체지향 설계',     '10000000-0000-0000-0000-000000000001', 3),
  -- 운영체제
  ('11000000-0000-0000-0000-000000000010', 'medium', 'Linux',  '10000000-0000-0000-0000-000000000002', 1),
  ('11000000-0000-0000-0000-000000000011', 'medium', 'Windows','10000000-0000-0000-0000-000000000002', 2),
  ('11000000-0000-0000-0000-000000000012', 'medium', 'macOS',  '10000000-0000-0000-0000-000000000002', 3),
  -- 프론트엔드
  ('11000000-0000-0000-0000-000000000020', 'medium', 'React',  '10000000-0000-0000-0000-000000000003', 1),
  ('11000000-0000-0000-0000-000000000021', 'medium', 'Vue',    '10000000-0000-0000-0000-000000000003', 2),
  ('11000000-0000-0000-0000-000000000022', 'medium', 'Next.js','10000000-0000-0000-0000-000000000003', 3),
  ('11000000-0000-0000-0000-000000000023', 'medium', 'CSS/Tailwind', '10000000-0000-0000-0000-000000000003', 4),
  -- 백엔드
  ('11000000-0000-0000-0000-000000000030', 'medium', 'Node.js',  '10000000-0000-0000-0000-000000000004', 1),
  ('11000000-0000-0000-0000-000000000031', 'medium', 'Python',   '10000000-0000-0000-0000-000000000004', 2),
  ('11000000-0000-0000-0000-000000000032', 'medium', 'Go',       '10000000-0000-0000-0000-000000000004', 3),
  ('11000000-0000-0000-0000-000000000033', 'medium', 'Java/Spring', '10000000-0000-0000-0000-000000000004', 4),
  -- 모바일
  ('11000000-0000-0000-0000-000000000040', 'medium', 'iOS Native',     '10000000-0000-0000-0000-000000000005', 1),
  ('11000000-0000-0000-0000-000000000041', 'medium', 'Android Native', '10000000-0000-0000-0000-000000000005', 2),
  ('11000000-0000-0000-0000-000000000042', 'medium', 'React Native',   '10000000-0000-0000-0000-000000000005', 3),
  ('11000000-0000-0000-0000-000000000043', 'medium', 'Flutter',        '10000000-0000-0000-0000-000000000005', 4),
  -- 데이터분석
  ('11000000-0000-0000-0000-000000000050', 'medium', 'SQL',            '10000000-0000-0000-0000-000000000006', 1),
  ('11000000-0000-0000-0000-000000000051', 'medium', 'pandas/Python',  '10000000-0000-0000-0000-000000000006', 2),
  ('11000000-0000-0000-0000-000000000052', 'medium', '시각화',         '10000000-0000-0000-0000-000000000006', 3),
  -- 인공지능
  ('11000000-0000-0000-0000-000000000060', 'medium', '머신러닝 기초',  '10000000-0000-0000-0000-000000000007', 1),
  ('11000000-0000-0000-0000-000000000061', 'medium', '딥러닝',         '10000000-0000-0000-0000-000000000007', 2),
  -- 생성형AI
  ('11000000-0000-0000-0000-000000000070', 'medium', 'LLM 활용',       '10000000-0000-0000-0000-000000000008', 1),
  ('11000000-0000-0000-0000-000000000071', 'medium', '프롬프트 엔지니어링', '10000000-0000-0000-0000-000000000008', 2),
  -- 인프라
  ('11000000-0000-0000-0000-000000000080', 'medium', 'Docker',         '10000000-0000-0000-0000-000000000009', 1),
  ('11000000-0000-0000-0000-000000000081', 'medium', 'Kubernetes',     '10000000-0000-0000-0000-000000000009', 2),
  -- 클라우드
  ('11000000-0000-0000-0000-000000000090', 'medium', 'AWS',            '10000000-0000-0000-0000-00000000000a', 1),
  ('11000000-0000-0000-0000-000000000091', 'medium', 'GCP',            '10000000-0000-0000-0000-00000000000a', 2),
  ('11000000-0000-0000-0000-000000000092', 'medium', 'Azure',          '10000000-0000-0000-0000-00000000000a', 3),
  -- 자동화
  ('11000000-0000-0000-0000-0000000000a0', 'medium', 'CI/CD',          '10000000-0000-0000-0000-00000000000b', 1),
  ('11000000-0000-0000-0000-0000000000a1', 'medium', 'IaC',            '10000000-0000-0000-0000-00000000000b', 2),
  -- 산업도메인
  ('11000000-0000-0000-0000-0000000000b0', 'medium', '금융',           '10000000-0000-0000-0000-00000000000c', 1),
  ('11000000-0000-0000-0000-0000000000b1', 'medium', '제조',           '10000000-0000-0000-0000-00000000000c', 2)
ON CONFLICT (id) DO NOTHING;

-- 소단위 — 30+ 개 (강사 매핑 가능한 leaf node)
INSERT INTO skill_categories (id, tier, name, parent_id, sort_order) VALUES
  -- React 하위
  ('12000000-0000-0000-0000-000000000001', 'small', 'React Hooks',     '11000000-0000-0000-0000-000000000020', 1),
  ('12000000-0000-0000-0000-000000000002', 'small', 'React Server Components', '11000000-0000-0000-0000-000000000020', 2),
  ('12000000-0000-0000-0000-000000000003', 'small', 'React Query',     '11000000-0000-0000-0000-000000000020', 3),
  -- Vue 하위
  ('12000000-0000-0000-0000-000000000010', 'small', 'Vue 3 Composition API', '11000000-0000-0000-0000-000000000021', 1),
  ('12000000-0000-0000-0000-000000000011', 'small', 'Pinia',           '11000000-0000-0000-0000-000000000021', 2),
  -- Next.js 하위
  ('12000000-0000-0000-0000-000000000020', 'small', 'Next.js App Router', '11000000-0000-0000-0000-000000000022', 1),
  ('12000000-0000-0000-0000-000000000021', 'small', 'Server Actions',  '11000000-0000-0000-0000-000000000022', 2),
  -- Node.js 하위
  ('12000000-0000-0000-0000-000000000030', 'small', 'Express',         '11000000-0000-0000-0000-000000000030', 1),
  ('12000000-0000-0000-0000-000000000031', 'small', 'Fastify',         '11000000-0000-0000-0000-000000000030', 2),
  ('12000000-0000-0000-0000-000000000032', 'small', 'NestJS',          '11000000-0000-0000-0000-000000000030', 3),
  -- Python 하위
  ('12000000-0000-0000-0000-000000000040', 'small', 'FastAPI',         '11000000-0000-0000-0000-000000000031', 1),
  ('12000000-0000-0000-0000-000000000041', 'small', 'Django',          '11000000-0000-0000-0000-000000000031', 2),
  ('12000000-0000-0000-0000-000000000042', 'small', 'Flask',           '11000000-0000-0000-0000-000000000031', 3),
  -- Go 하위
  ('12000000-0000-0000-0000-000000000050', 'small', 'Gin',             '11000000-0000-0000-0000-000000000032', 1),
  ('12000000-0000-0000-0000-000000000051', 'small', 'Echo',            '11000000-0000-0000-0000-000000000032', 2),
  -- iOS Native 하위
  ('12000000-0000-0000-0000-000000000060', 'small', 'Swift/SwiftUI',   '11000000-0000-0000-0000-000000000040', 1),
  ('12000000-0000-0000-0000-000000000061', 'small', 'UIKit',           '11000000-0000-0000-0000-000000000040', 2),
  -- Android Native 하위
  ('12000000-0000-0000-0000-000000000070', 'small', 'Kotlin/Jetpack Compose', '11000000-0000-0000-0000-000000000041', 1),
  -- SQL 하위
  ('12000000-0000-0000-0000-000000000080', 'small', 'PostgreSQL',      '11000000-0000-0000-0000-000000000050', 1),
  ('12000000-0000-0000-0000-000000000081', 'small', 'MySQL',           '11000000-0000-0000-0000-000000000050', 2),
  ('12000000-0000-0000-0000-000000000082', 'small', 'Oracle',          '11000000-0000-0000-0000-000000000050', 3),
  -- 시각화 하위
  ('12000000-0000-0000-0000-000000000090', 'small', 'Tableau',         '11000000-0000-0000-0000-000000000052', 1),
  ('12000000-0000-0000-0000-000000000091', 'small', 'Power BI',        '11000000-0000-0000-0000-000000000052', 2),
  -- 머신러닝 기초 하위
  ('12000000-0000-0000-0000-0000000000a0', 'small', 'scikit-learn',    '11000000-0000-0000-0000-000000000060', 1),
  ('12000000-0000-0000-0000-0000000000a1', 'small', 'XGBoost',         '11000000-0000-0000-0000-000000000060', 2),
  -- 딥러닝 하위
  ('12000000-0000-0000-0000-0000000000b0', 'small', 'PyTorch',         '11000000-0000-0000-0000-000000000061', 1),
  ('12000000-0000-0000-0000-0000000000b1', 'small', 'TensorFlow',      '11000000-0000-0000-0000-000000000061', 2),
  -- LLM 활용 하위
  ('12000000-0000-0000-0000-0000000000c0', 'small', 'OpenAI API',      '11000000-0000-0000-0000-000000000070', 1),
  ('12000000-0000-0000-0000-0000000000c1', 'small', 'Claude API',      '11000000-0000-0000-0000-000000000070', 2),
  ('12000000-0000-0000-0000-0000000000c2', 'small', 'LangChain',       '11000000-0000-0000-0000-000000000070', 3),
  -- Docker 하위
  ('12000000-0000-0000-0000-0000000000d0', 'small', 'Docker Compose',  '11000000-0000-0000-0000-000000000080', 1),
  -- Kubernetes 하위
  ('12000000-0000-0000-0000-0000000000d1', 'small', 'Helm',            '11000000-0000-0000-0000-000000000081', 1),
  -- AWS 하위
  ('12000000-0000-0000-0000-0000000000e0', 'small', 'EC2/ECS',         '11000000-0000-0000-0000-000000000090', 1),
  ('12000000-0000-0000-0000-0000000000e1', 'small', 'Lambda',          '11000000-0000-0000-0000-000000000090', 2),
  ('12000000-0000-0000-0000-0000000000e2', 'small', 'RDS',             '11000000-0000-0000-0000-000000000090', 3),
  -- CI/CD 하위
  ('12000000-0000-0000-0000-0000000000f0', 'small', 'GitHub Actions',  '11000000-0000-0000-0000-0000000000a0', 1),
  ('12000000-0000-0000-0000-0000000000f1', 'small', 'Jenkins',         '11000000-0000-0000-0000-0000000000a0', 2),
  -- IaC 하위
  ('12000000-0000-0000-0000-0000000000f8', 'small', 'Terraform',       '11000000-0000-0000-0000-0000000000a1', 1)
ON CONFLICT (id) DO NOTHING;

-- ===========================================
-- 샘플 고객사 2개
-- ===========================================
INSERT INTO clients (id, company_name, address, handover_memo, created_by) VALUES
  ('20000000-0000-0000-0000-000000000001', '주식회사 알파', '서울특별시 강남구', '대기업 교육 담당. 결제 조건 30일.',
   '00000000-0000-0000-0000-00000000bbbb'),
  ('20000000-0000-0000-0000-000000000002', '베타 정부기관', '세종특별자치시',   '정부 발주. 원천세 8.80% 적용.',
   '00000000-0000-0000-0000-00000000bbbb')
ON CONFLICT (id) DO NOTHING;

INSERT INTO client_contacts (id, client_id, name, position, email, phone) VALUES
  ('21000000-0000-0000-0000-000000000001', '20000000-0000-0000-0000-000000000001', '김알파', '교육팀장', 'alpha-edu@example.com', '02-1111-2222'),
  ('21000000-0000-0000-0000-000000000002', '20000000-0000-0000-0000-000000000002', '이베타', '사무관',   'beta-gov@example.go.kr', '044-3333-4444')
ON CONFLICT (id) DO NOTHING;

-- ===========================================
-- 샘플 강사 3명 (PII는 app.encrypt_pii)
-- ===========================================
INSERT INTO instructors (id, user_id, name_kr, name_en, email, phone, address, resident_number_enc, bank_account_enc, created_by) VALUES
  ('30000000-0000-0000-0000-000000000001', '00000000-0000-0000-0000-00000000cccc',
   '홍길동', 'Gildong Hong', 'instructor1@algolink.local', '010-1234-5678', '서울 마포구',
   app.encrypt_pii('900101-1234567'), app.encrypt_pii('110-123-456789 국민은행'),
   '00000000-0000-0000-0000-00000000bbbb'),
  ('30000000-0000-0000-0000-000000000002', NULL,
   '김영희', 'Younghee Kim', 'instructor2@algolink.local', '010-2345-6789', '경기 성남시',
   app.encrypt_pii('880515-2234567'), app.encrypt_pii('301-234-567890 신한은행'),
   '00000000-0000-0000-0000-00000000bbbb'),
  ('30000000-0000-0000-0000-000000000003', NULL,
   '박철수', 'Cheolsoo Park', 'instructor3@algolink.local', '010-3456-7890', '부산 해운대구',
   app.encrypt_pii('920820-1234567'), app.encrypt_pii('356-345-678901 우리은행'),
   '00000000-0000-0000-0000-00000000bbbb')
ON CONFLICT (id) DO NOTHING;

-- 강사 기술 매핑 (leaf node만 사용)
INSERT INTO instructor_skills (instructor_id, skill_id, proficiency) VALUES
  ('30000000-0000-0000-0000-000000000001', '12000000-0000-0000-0000-000000000020', 'expert'),       -- Next.js App Router
  ('30000000-0000-0000-0000-000000000001', '12000000-0000-0000-0000-0000000000c1', 'advanced'),     -- Claude API
  ('30000000-0000-0000-0000-000000000002', '12000000-0000-0000-0000-000000000040', 'expert'),       -- FastAPI
  ('30000000-0000-0000-0000-000000000002', '12000000-0000-0000-0000-0000000000a0', 'advanced'),     -- scikit-learn
  ('30000000-0000-0000-0000-000000000003', '12000000-0000-0000-0000-000000000050', 'expert'),       -- Gin
  ('30000000-0000-0000-0000-000000000003', '12000000-0000-0000-0000-0000000000d0', 'advanced')      -- Docker Compose
ON CONFLICT DO NOTHING;

-- ===========================================
-- 샘플 프로젝트 2건 — corporate 1 + government 1
-- ===========================================
INSERT INTO projects (id, title, project_type, status, client_id, operator_id, instructor_id,
                      business_amount_krw, instructor_fee_krw, settlement_flow_hint, created_by) VALUES
  ('40000000-0000-0000-0000-000000000001', '알파 사내 React 교육 (corporate)', 'education', 'in_progress',
   '20000000-0000-0000-0000-000000000001', '00000000-0000-0000-0000-00000000bbbb', '30000000-0000-0000-0000-000000000001',
   10000000, 6000000, 'corporate',
   '00000000-0000-0000-0000-00000000bbbb'),
  ('40000000-0000-0000-0000-000000000002', '베타 정부기관 AI 교육 (government)', 'education', 'in_progress',
   '20000000-0000-0000-0000-000000000002', '00000000-0000-0000-0000-00000000bbbb', '30000000-0000-0000-0000-000000000002',
   8000000, 5000000, 'government',
   '00000000-0000-0000-0000-00000000bbbb')
ON CONFLICT (id) DO NOTHING;

-- 샘플 정산 (각 프로젝트당 1건)
INSERT INTO settlements (id, project_id, instructor_id, settlement_flow, status,
                         business_amount_krw, instructor_fee_krw, withholding_tax_rate, created_by) VALUES
  ('50000000-0000-0000-0000-000000000001',
   '40000000-0000-0000-0000-000000000001', '30000000-0000-0000-0000-000000000001',
   'corporate', 'pending', 10000000, 6000000, 0,
   '00000000-0000-0000-0000-00000000bbbb'),
  ('50000000-0000-0000-0000-000000000002',
   '40000000-0000-0000-0000-000000000002', '30000000-0000-0000-0000-000000000002',
   'government', 'pending', 8000000, 5000000, 8.80,
   '00000000-0000-0000-0000-00000000bbbb')
ON CONFLICT (id) DO NOTHING;
